{"json":[0.6721938,1.86594],"gamedev":[0.58493453,1.6299179],"pcb_design":[0.56469357,1.5736694],"zephyr-hackvc":[0.73975027,2.0714884],"hack-to-the-future":[0.66322565,1.8318514],"rant-about-high-school":[0.6908718,1.9347757],"bank":[0.59135985,1.6330326],"moonbeam":[0.55653846,1.5593797],"scrapbook":[0.56667984,1.5613639],"mayhaps":[0.5915018,1.6276935],"kale":[0.56929106,1.5657376],"confessions":[0.68977535,1.9418116],"ww-zfogg-tweets-at-hotmail-com":[0.53532803,1.469888],"the-mass":[0.5308961,1.4995077],"development-of-slash-z":[0.627853,1.7195549],"sink-my-ship":[0.6576546,1.8000164],"books":[0.58395463,1.597193],"lgbtq-forum":[0.59418494,1.6826465],"elon":[0.5930828,1.6806723],"safin":[0.6167446,1.6830617],"question-of-the-day":[0.65190077,1.7781974],"hack-the-slack":[0.6423493,1.7485323],"late-night-hw-club":[0.63217187,1.7986225],"zephyrnet":[0.6654873,1.8942202],"lgbtq":[0.5992437,1.6287032],"matthews-brain-dump":[0.5752427,1.6386882],"python":[0.5593593,1.5181082],"cabin":[0.68022853,1.8430389],"hackcraft":[0.6853193,1.8505069],"politics":[0.43299007,1.2416164],"the-tardis":[0.97295654,2.7919776],"fuck":[1.1664026,3.1409125],"-코트니-":[0.5033221,1.3544695],"langdev":[0.51800203,1.3931504],"bajpaiharsh":[0.5841113,1.5702357],"linux":[0.51094764,1.4720373],"devops":[0.54499936,1.5724007],"memorize_ai":[0.5424792,1.454564],"lobby":[0.63309777,1.6974188],"furry":[0.58226305,1.5610162],"vitalik-ama-call":[0.4463176,1.1956253],"stressed-humans":[0.6641199,1.7781125],"cult-of-flute":[0.60320926,1.7485675],"os-dev":[0.5039135,1.4614744],"debate":[0.64439315,1.7169433],"greenheartclub":[0.58926463,1.5697881],"ripcord":[0.5437591,1.5816287],"pirates-guild":[0.6369566,1.8529189],"college-apps":[0.5210465,1.5192015],"art":[0.6236116,1.6552458],"lyrics-spam":[0.54900634,1.4504921],"orpheus-legion":[0.6338623,1.673621],"homelab":[0.555996,1.4666603],"physics":[0.66444945,1.9537965],"carot-dev":[0.5633354,1.4798721],"hack-club-band":[0.65104425,1.7091734],"ship":[0.54454356,1.4294215],"too-much-information":[0.55342877,1.4491683],"the-insanity-of-eleeza":[0.5217057,1.546391],"vim":[0.5809515,1.5188845],"math":[0.5544447,1.4489409],"πυθκος":[0.5450995,1.620578],"dvhack":[0.69565487,1.809202],"westlafayette":[0.6101922,1.5863451],"confessions-meta":[0.53874487,1.3993744],"3d-printing":[0.4741157,1.2300984],"c-programming":[0.57192916,1.7119588],"acc":[0.49176407,1.2755396],"ricing":[0.5751286,1.4915975],"marius-dumpsterfire":[0.5639479,1.4585999],"rust":[0.5463312,1.6410925],"piracy":[0.5924045,1.5313822],"fishhead":[0.6128344,1.845425],"linus":[0.5784267,1.4919529],"celesticide":[0.48694697,1.2549301],"bj":[0.6463004,1.6650835],"cyber-security":[0.62423396,1.6078126],"charlie":[0.6036116,1.5541131],"emojineology":[0.81321084,2.4585476],"benjamin-":[0.51356226,1.5555004],"fayd-lives-here":[0.55285466,1.4189559],"standard-structure":[0.58935595,1.5125568],"welcome":[0.5760873,1.4757297],"zephyr-lab":[0.58433414,1.4936932],"film":[0.63090277,1.6120626],"find-a-project":[0.52784145,1.3483118],"business-leaders":[0.6913758,1.764443],"crypto":[0.61628735,1.57226],"seattle":[0.5724217,1.4603035],"hc-census-bureau":[0.6740069,1.7181615],"ongzz-and-friends":[0.6211741,1.5829108],"elon-questions":[0.57257813,1.4578553],"gp":[0.681581,1.732162],"india":[0.5426951,1.3777347],"gh":[0.615914,1.5626997],"apple":[0.4755938,1.2061008],"raycast":[0.6935016,1.7579213],"awards":[0.6421506,1.6275156],"quantum-computers":[0.5713764,1.7581869],"code":[0.46501207,1.1767669],"lore":[0.5718965,1.4454355],"animal-crossing":[0.8791087,2.2202334],"alumni":[0.7564342,1.9095812],"hackathons":[0.58252335,1.4702344],"neuroscience":[0.65953636,1.6634892],"project-ideas":[0.63839483,1.6092547],"the-democratic-peoples-republic-of-yishun":[0.608416,1.5325779],"mr-cwalkers-wild-ride":[0.57724994,1.4508173],"cult-of-notion":[0.6931946,1.7420973],"replit-embassy":[0.63105047,1.5847224],"windows":[0.4905594,1.2309614],"orpheus-hacks":[0.588677,1.4754009],"secret-santa":[0.673512,1.687623],"hackbook":[0.6867083,1.7175117],"cult-of-wacky":[0.7018788,1.7517488],"lux-land":[0.5118403,1.2757984],"winston":[0.59549254,1.4820251],"kunal-land":[0.5546622,1.3794669],"popular-opinions":[0.6772216,1.684266],"stegg":[0.5303943,1.3167127],"honest-impressions":[0.733393,1.8179574],"keyboard":[0.57344353,1.4212381],"adventofcode":[0.5360154,1.3272637],"wip":[0.57384497,1.420859],"blogging-club":[0.759728,1.8810658],"coronavirus":[0.6511925,1.612027],"desk-chaos":[0.5823714,1.4415624],"legaltrouble":[0.62808436,1.5539043],"design":[0.664495,1.6398686],"out-of-context":[0.7216216,1.7800269],"cafe-de-soham":[0.64881396,1.6003581],"benhasachannel":[0.65238345,1.6064435],"competitive-programming":[0.5052095,1.2436028],"apcs":[0.62393385,1.5356786],"arav":[0.54914004,1.3510606],"meow":[0.5688627,1.3990866],"poll-of-the-day":[0.5497313,1.3494737],"ctrlalttec":[0.6764494,1.6587732],"unpopular-opinions":[0.42956197,1.0528076],"stickerbook":[0.5503473,1.348788],"banker-devs":[0.5667991,1.3879001],"android":[0.50892067,1.2448041],"stream":[0.56373423,1.3788664],"gamelab-dev":[0.38144124,0.93274856],"nix":[0.5847897,1.4294695],"doggo-ninja":[0.7066058,1.7270293],"automation":[0.59725976,1.458482],"zrl-land":[0.5546214,1.3526378],"rebecca":[0.7226378,1.7612253],"hackchain":[0.67569697,1.6455698],"backend-engineering":[0.66497856,1.6160902],"ask-me-edit":[0.6719405,1.6328471],"spam":[1.1354207,2.757703],"dungeons-and-dragons":[0.6443561,1.5634975],"hey-email":[0.5640869,1.365564],"workshop-bounty":[0.569092,1.3771704],"css":[0.6591319,1.5941014],"actors-dev":[0.73007333,2.3778174],"podcast-dev":[0.74564356,1.8004582],"zephyr":[0.57934725,1.3969849],"codejelly":[0.54855955,1.322307],"hack-as-a-service-dev":[0.6264013,1.508495],"hackclub-mrce":[0.49874294,1.2006449],"the-root-zone":[0.62735933,1.509254],"steggys-stupid-ideas":[0.56386024,1.3540585],"khancult":[0.6548981,1.5711135],"khushraj-was-taken":[0.66582906,1.5971383],"nemea":[0.6528582,1.5656074],"zephyr-packages":[0.5629767,1.3499222],"javascript":[0.5961326,1.427215],"copypasta":[0.47722012,1.142335],"cake":[0.5717835,1.3679446],"lachlanfans":[0.60582024,1.4492111],"ship-showcase":[0.63217825,1.5106485],"stonks":[0.5605729,1.3393298],"hq":[0.5440452,1.2992989],"hardware-party":[0.47532517,1.1336972],"subtle-curry-traits":[0.6291148,1.4990124],"jessicard_exe":[0.70601124,1.6806092],"social":[0.61104566,1.4543176],"bot-spam":[0.5600615,1.3328689],"benjamins-frog-den":[0.65181565,1.5507603],"community":[0.656041,1.5606694],"hacklang":[0.680606,1.616493],"not-dog-eating-place":[0.7863658,1.8675659],"swift":[0.55520004,1.3184963],"rocketry":[0.42307597,1.0044818],"domain-names":[0.5784336,1.369837],"chars-corner":[0.59545237,1.4096613],"todayilearned":[0.55680656,1.3128017],"java":[0.6207556,1.4593503],"bad-facts":[0.5236797,1.2299391],"networking":[0.5948055,1.3961588],"jacobs-stupid-ideas":[0.68732595,1.6126945],"hack-night":[0.63563263,1.4913855],"covid-command-center":[0.61951464,1.4529979],"ethereum":[0.60449487,1.4176744],"peculiar-pursuits":[0.5883303,1.3792396],"ap-exams":[0.49155533,1.1501563],"batcave":[0.68497074,1.6020257],"anime":[0.5657086,1.3229206],"leaders":[0.53816384,1.2584753],"austins-ramblings":[0.7206213,2.4507005],"memes":[0.504195,1.1777383],"github-embassy":[0.5919454,1.3818614],"slackbots":[0.5605607,1.3085504],"virtual-coffee":[0.5408913,1.2624046],"math-circle":[0.5614321,1.3080368],"marvel":[0.60506934,1.408666],"canada":[0.7511407,1.7485892],"hackclub-egypt":[0.7758566,1.8060596],"lightningdelete":[0.63748854,1.4832292],"ib":[0.6469133,1.5036969],"rajan-cant-find-this":[0.6885828,1.5973345],"swarnya":[0.74282783,1.7228363],"hardware":[0.57594705,1.3339161],"iamadrian":[0.5906339,1.3660909],"warrens-world":[0.83733934,1.9359481],"productivity":[0.61140186,1.4130524],"tools":[0.6242493,1.4426572],"temp-email":[0.70096684,1.6194191],"food":[0.5605499,1.2934783],"the-genderfluidity-of-tejas":[0.51696837,1.1923566],